<?xml version="1.0" encoding="UTF-8"?>
<project-private xmlns="http://www.netbeans.org/ns/project-private/1">
    <editor-bookmarks xmlns="http://www.netbeans.org/ns/editor-bookmarks/2" lastBookmarkId="0"/>
    <open-files xmlns="http://www.netbeans.org/ns/projectui-open-files/2">
        <group>
            <file>file:/C:/Users/juanc/Documents/GitHub/CS445/Program01/src/Program01/Primitive.java</file>
            <file>file:/C:/Users/juanc/Documents/GitHub/CS445/Program01/src/Program01/FileHandler.java</file>
            <file>file:/C:/Users/juanc/Documents/GitHub/CS445/Program01/src/Program01/Ellipse.java</file>
            <file>file:/C:/Users/juanc/Documents/GitHub/CS445/Program01/src/Program01/Program01.java</file>
            <file>file:/C:/Users/juanc/Documents/GitHub/CS445/Program01/src/Program01/Line.java</file>
            <file>file:/C:/Users/juanc/Documents/GitHub/CS445/Program01/src/Program01/Circle.java</file>
        </group>
    </open-files>
</project-private>
